{
    "blogs": [
        {
            "id": 1,
            "name": "Романтичные образы и романтичное настроение",
            "date": "2020-10-07",
            "text": "В 2020 году мода на платья в стиле прерий приобретает более мягкую и женственную окраску. Как отмечает старший модный директор Nordstrom Шеннон Шафер, наряды в стиле прерий с атмосферой романтики должны стать основным элементом гардероба в течение всего года. «В этом сезоне есть сила. «Скромные силуэты платьев обеспечивают чувственный объем и комфорт благодаря широкой длине, с высоким воротом и длинными рукавами», - говорит она. Принимая форму платьев и блузок в викторианском стиле, Пейдж считает, что Грета Гервиг и ее адаптация «Маленьких женщин» обусловили растущую популярность этой тенденции. «Такие вещи, как викторианская блузка, цветочный принт, кружево и нежная отделка, несомненно, будут преобладать. во всех коллекциях этого года ».Мы видим эти мечтательные изделия с разнообразными узорами и текстурами - это кружевные номера из коллекции Zimmermann Spring 2020, чистый неоновый цвет, предложенный Марой Хоффман, и множество животных принтов от Ganni, - но Шафер объявил цветочные принты ключевым принтом для этот силуэт.",
            "subCategory": "dresses",
            "image": {
                "thumb": "https://b.radikal.ru/b13/2011/0c/1fa43e3a4186.jpg",
                "origin": "https://c.radikal.ru/c43/2011/16/ff4530139b63.jpg"
            }
        },
        {
            "id": 2,
            "name": "Обувь с квадратным носком",
            "date": "2020-11-25",
            "text": "Говоря о 90-х, квадратный носок станет самой большой тенденцией в обуви 2020 года. Мы впервые влюбились в квадратные сандалии в прошлом сезоне, но, как отмечает Руссо, они наконец-то стали мейнстримом. Этот бессезонный тренд становится уместным для осени в ботинках любой высоты. Руссо особенно любит фасоны до колена от таких брендов, как Ganni и Wandler, а нам нравится более удобный аспект ботинок, которые хорошо сочетаются как с платьями, так и с джинсами.",
            "subCategory": "boots",
            "image": {
                "thumb": "https://c.radikal.ru/c00/2011/e6/847edcf8e60c.jpg",
                "origin": "https://c.radikal.ru/c04/2011/b8/a45ea7e44e44.jpg"
            }
        },
        {
            "id": 3,
            "name": "Сильный костюм с прикосновением женственности",
            "date": "2020-09-13",
            "text": "Любители костюмов, радуйтесь: специально подобранный набор официально представлен в 2020 году, а в этом году он приобретает более женственный оттенок. «Уверенные костюмы продолжаются в женском стиле», - говорит Шафер. «Крой может быть мягким и непринужденным или прочным и стройным». Шафер добавляет, что акцент на талии, а также на мягких материалах, таких как шелк, лен и плотный хлопок, «придадут блейзеру мужественный вид». Мы видели эти женственные костюмы от таких моделей, как Alexander McQueen, Altuzarra и Dolce & Gabbana для весны, и ожидаем, что эта тенденция сохранится осенью и зимой в виде пышных жаккардов, твидов и вышитых шелков.",
            "subCategory": "blazers",
            "image": {
                "thumb": "https://a.radikal.ru/a24/2011/50/9714213fbbfd.jpg",
                "origin": "https://a.radikal.ru/a23/2011/8b/12fafb6a08e5.jpg"
            }
        },
        {
            "id": 4,
            "name": "Вязанная одежда 90-х",
            "date": "2020-09-02",
            "text": "Возможно, мы только что вступили в новое десятилетие, но минимализм 90-х по-прежнему играет ключевую роль. «Мы увидели, что 90-е доминируют на подиумах весны 2020 года, и предосенние коллекции не демонстрируют никаких признаков того, что эта тенденция никуда не денется», - говорит Либби Пейдж, старший редактор рынка моды Net-A-Porter. «От подходящих комплектов-близнецов в Khaite, The Row и Ioannes до всех вещей bodycon, включая облегающие водолазки в рубчик и черные леггинсы». Он также обладает стойкостью, что подтверждается идеальной It-Girl 90-х. «Дженнифер Энистон принесла нам много вдохновения в 90-х, когда она сыграла Рэйчел Грин, и у нее настоящий момент с« Утренним шоу », что делает эту тенденцию все еще актуальной в культурном отношении».",
            "subCategory": "sweaters",
            "image": {
                "thumb": "https://a.radikal.ru/a14/2011/ff/80744cd93152.jpg",
                "origin": "https://a.radikal.ru/a34/2011/a0/d42f745fee45.jpg"
            }
        },
        {
            "id": 5,
            "name": "Вязанная одежда 90-х",
            "date": "2020-07-17",
            "text": "Возможно, мы только что вступили в новое десятилетие, но минимализм 90-х по-прежнему играет ключевую роль. «Мы увидели, что 90-е доминируют на подиумах весны 2020 года, и предосенние коллекции не демонстрируют никаких признаков того, что эта тенденция никуда не денется», - говорит Либби Пейдж, старший редактор рынка моды Net-A-Porter. «От подходящих комплектов-близнецов в Khaite, The Row и Ioannes до всех вещей bodycon, включая облегающие водолазки в рубчик и черные леггинсы». Он также обладает стойкостью, что подтверждается идеальной It-Girl 90-х. «Дженнифер Энистон принесла нам много вдохновения в 90-х, когда она сыграла Рэйчел Грин, и у нее настоящий момент с« Утренним шоу », что делает эту тенденцию все еще актуальной в культурном отношении».",
            "subCategory": "sweaters",
            "image": {
                "thumb": "https://a.radikal.ru/a14/2011/ff/80744cd93152.jpg",
                "origin": "https://a.radikal.ru/a34/2011/a0/d42f745fee45.jpg"
            }
        },
        {
            "id": 6,
            "name": "Обувь с квадратным носком",
            "date": "2020-06-03",
            "text": "Говоря о 90-х, квадратный носок станет самой большой тенденцией в обуви 2020 года. Мы впервые влюбились в квадратные сандалии в прошлом сезоне, но, как отмечает Руссо, они наконец-то стали мейнстримом. Этот бессезонный тренд становится уместным для осени в ботинках любой высоты. Руссо особенно любит фасоны до колена от таких брендов, как Ganni и Wandler, а нам нравится более удобный аспект ботинок, которые хорошо сочетаются как с платьями, так и с джинсами.",
            "subCategory": "boots",
            "image": {
                "thumb": "https://c.radikal.ru/c00/2011/e6/847edcf8e60c.jpg",
                "origin": "https://c.radikal.ru/c04/2011/b8/a45ea7e44e44.jpg"
            }
        },
        {
            "id": 7,
            "name": "Романтичные образы и романтичное настроение",
            "date": "2020-10-07",
            "text": "В 2020 году мода на платья в стиле прерий приобретает более мягкую и женственную окраску. Как отмечает старший модный директор Nordstrom Шеннон Шафер, наряды в стиле прерий с атмосферой романтики должны стать основным элементом гардероба в течение всего года. «В этом сезоне есть сила. «Скромные силуэты платьев обеспечивают чувственный объем и комфорт благодаря широкой длине, с высоким воротом и длинными рукавами», - говорит она. Принимая форму платьев и блузок в викторианском стиле, Пейдж считает, что Грета Гервиг и ее адаптация «Маленьких женщин» обусловили растущую популярность этой тенденции. «Такие вещи, как викторианская блузка, цветочный принт, кружево и нежная отделка, несомненно, будут преобладать. во всех коллекциях этого года ».Мы видим эти мечтательные изделия с разнообразными узорами и текстурами - это кружевные номера из коллекции Zimmermann Spring 2020, чистый неоновый цвет, предложенный Марой Хоффман, и множество животных принтов от Ganni, - но Шафер объявил цветочные принты ключевым принтом для этот силуэт.",
            "subCategory": "dresses",
            "image": {
                "thumb": "https://b.radikal.ru/b13/2011/0c/1fa43e3a4186.jpg",
                "origin": "https://c.radikal.ru/c43/2011/16/ff4530139b63.jpg"
            }
        },
        {
            "id": 8,
            "name": "Сильный костюм с прикосновением женственности",
            "date": "2020-09-13",
            "text": "Любители костюмов, радуйтесь: специально подобранный набор официально представлен в 2020 году, а в этом году он приобретает более женственный оттенок. «Уверенные костюмы продолжаются в женском стиле», - говорит Шафер. «Крой может быть мягким и непринужденным или прочным и стройным». Шафер добавляет, что акцент на талии, а также на мягких материалах, таких как шелк, лен и плотный хлопок, «придадут блейзеру мужественный вид». Мы видели эти женственные костюмы от таких моделей, как Alexander McQueen, Altuzarra и Dolce & Gabbana для весны, и ожидаем, что эта тенденция сохранится осенью и зимой в виде пышных жаккардов, твидов и вышитых шелков.",
            "subCategory": "blazers",
            "image": {
                "thumb": "https://a.radikal.ru/a24/2011/50/9714213fbbfd.jpg",
                "origin": "https://a.radikal.ru/a23/2011/8b/12fafb6a08e5.jpg"
            }
        }
    ]
}